,Unnamed: 0.3,Unnamed: 0.2,Unnamed: 0.1,Unnamed: 0,title,details,image_url,decade,year,decadef,type,tool
0,0,0,0,0,Self Portrait,1951 - Oil on paper 12 3/8 x 8 1/2 in,https://www.hockney.com/img/gallery/paintings/50s/51A01.jpg,1950.0,1951.0,1950s,paintings,
1,1,1,1,1,Still Life with Bowl of Fruit,1951 - Oil on paper 9 3/4 x 11 1/8 in,https://www.hockney.com/img/gallery/paintings/50s/51A02.jpg,1950.0,1951.0,1950s,paintings,
2,2,2,2,2,Tunwell Lane,1957 - Oil on canvas 29 x 36 in,https://www.hockney.com/img/gallery/paintings/50s/53A01.jpg,1950.0,1957.0,1950s,paintings,
3,3,3,3,3,Self Portrait,1954 - Oil on board 18 x 14 in,https://www.hockney.com/img/gallery/paintings/50s/54A13.jpg,1950.0,1954.0,1950s,paintings,
4,4,4,4,4,Portrait of My Father,1955 - Oil on canvas 20 x 16 in,https://www.hockney.com/img/gallery/paintings/50s/55A01.jpg,1950.0,1955.0,1950s,paintings,
5,5,5,5,5,Composition in Yellow and Orange,"1955 - Oil on plywood, battened 30 x 22 in",https://www.hockney.com/img/gallery/paintings/50s/55A04.jpg,1950.0,1955.0,1950s,paintings,
6,6,6,6,6,Self Portrait,1955 - Oil on plywood 24 x 18 in,https://www.hockney.com/img/gallery/paintings/50s/55A06.jpg,1950.0,1955.0,1950s,paintings,
7,7,7,7,7,Abstraction,1955 - Oil on hardboard 48 x 32 in,https://www.hockney.com/img/gallery/paintings/50s/55A08.jpg,1950.0,1955.0,1950s,paintings,
8,8,8,8,8,"Bolton Junction, Eccleshill",1956 - Oil on board 48 x 40 in,https://www.hockney.com/img/gallery/paintings/50s/56A01.jpg,1950.0,1956.0,1950s,paintings,
9,9,9,9,9,Landscape,1956 - 1957 - Oil on board 15 1/8 x 23 3/4 in,https://www.hockney.com/img/gallery/paintings/50s/56A11.jpg,1950.0,1956.0,1950s,paintings,
10,10,10,10,10,"Moorside Road, Fagley",1956 - Oil on canvas 19 1/4 x 28 in,https://www.hockney.com/img/gallery/paintings/50s/56A12.jpg,1950.0,1956.0,1950s,paintings,
11,11,11,11,11,Labor Omnia Vincit,1956 - 1957 - Oil on board 71 3/4 x 47 3/4 in,https://www.hockney.com/img/gallery/paintings/50s/56A13.jpg,1950.0,1956.0,1950s,paintings,
12,12,12,12,12,"Bolton Junction, Eccleshill, Bradford",1956 - Oil on canvas 24 x 18 in,https://www.hockney.com/img/gallery/paintings/50s/56A21.jpg,1950.0,1956.0,1950s,paintings,
13,13,13,13,13,Nude,1957 - Oil on board 48 x 72 1/2 in,https://www.hockney.com/img/gallery/paintings/50s/57A19.jpg,1950.0,1957.0,1950s,paintings,
14,14,14,14,14,"Hen Run, Eccleshill",1954 - Oil on board 23 1/2 x 29 in,https://www.hockney.com/img/gallery/paintings/50s/57A25.jpg,1950.0,1954.0,1950s,paintings,
15,15,15,15,15,Builders,1954 - Oil on board 19 7/8 x 30 in,https://www.hockney.com/img/gallery/paintings/50s/57A26.jpg,1950.0,1954.0,1950s,paintings,
16,16,16,16,16,"Roadmenders, Eccleshill",1957 - Oil on canvas stretched over board 48 x 33 1/4 in,https://www.hockney.com/img/gallery/paintings/50s/57A29.jpg,1950.0,1957.0,1950s,paintings,
17,17,17,17,17,A Study of Trees in a Landscape,1957 - Oil on board 17 x 21 in,https://www.hockney.com/img/gallery/paintings/50s/57A34.jpg,1950.0,1957.0,1950s,paintings,
18,18,18,18,18,"The Village Street, Kirton, near Felixstowe, Suffolk",1957 - Oil on board 16 x 24 in,https://www.hockney.com/img/gallery/paintings/50s/57A38.jpg,1950.0,1957.0,1950s,paintings,
19,19,19,19,19,American Collectors (Fred & Marcia Weisman),1968 - acrylic on canvas 84x120 in.,https://www.hockney.com/img/gallery/paintings/60s/68A21.jpg,1960.0,1968.0,1960s,paintings,
20,20,20,20,20,A Bigger Splash,1967 - acrylic on canvas 96x96 in.,https://www.hockney.com/img/gallery/paintings/60s/67A34.jpg,1960.0,1967.0,1960s,paintings,
21,21,21,21,21,A Lawn Being Sprinkled,1967 - acrylic on canvas 60x60 in.,https://www.hockney.com/img/gallery/paintings/60s/67A01.jpg,1960.0,1967.0,1960s,paintings,
22,22,22,22,22,"The Room, Manchester Street",1967 - acrylic 96x96 in.,https://www.hockney.com/img/gallery/paintings/60s/67A33.jpg,1960.0,1967.0,1960s,paintings,
23,23,23,23,23,Beverly Hills Housewife,1966 - acrylic on 2 canvas 72x144 in.,https://www.hockney.com/img/gallery/paintings/60s/66B18.jpg,1960.0,1966.0,1960s,paintings,
24,24,24,24,24,Portrait of Nick Wilder,1966 - acrylic on canvas 72x72 in.,https://www.hockney.com/img/gallery/paintings/60s/66B24.jpg,1960.0,1966.0,1960s,paintings,
25,25,25,25,25,Peter Getting Out of Nick’s Pool,1966 - acrylic on canvas 84x84 in.,https://www.hockney.com/img/gallery/paintings/60s/66B21.jpg,1960.0,1966.0,1960s,paintings,
26,26,26,26,26,Man In Shower in Beverly Hills,1964 - acrylic on canvas 65 1/2 x 65 1/2 in.,https://www.hockney.com/img/gallery/paintings/60s/64A31.jpg,1960.0,1964.0,1960s,paintings,
27,27,27,27,27,California Art Collector,1964 - acrylic on canvas 60x72 in.,https://www.hockney.com/img/gallery/paintings/60s/64A30.jpg,1960.0,1964.0,1960s,paintings,
28,28,28,28,28,Building Pershing Square,1964 - oil on canvas 58x58 in.,https://www.hockney.com/img/gallery/paintings/60s/64A32.jpg,1960.0,1964.0,1960s,paintings,
29,29,29,29,29,Picture of a Hollywood Swimming Pool,1964 - acrylic on canvas 36x48 in.,https://www.hockney.com/img/gallery/paintings/60s/64A34.jpg,1960.0,1964.0,1960s,paintings,
30,30,30,30,30,"Domestic Scene, Los Angeles",1963 - oil on canvas 60x60 in.,https://www.hockney.com/img/gallery/paintings/60s/63A37.jpg,1960.0,1963.0,1960s,paintings,
31,31,31,31,31,Play Within A Play,1963 - oil on canvas and plexi 72x78 in.,https://www.hockney.com/img/gallery/paintings/60s/63A18.jpg,1960.0,1963.0,1960s,paintings,
32,32,32,32,32,First Marriage (A Marriage of Styles 1),1962 - oil on canvas 70x60 in.,https://www.hockney.com/img/gallery/paintings/60s/62A13.jpg,1960.0,1962.0,1960s,paintings,
33,33,33,33,33,Grand Procession of Dignitaries n the Semi-Egyptian Style,1961 - oil on canvas 84x144 in.,https://www.hockney.com/img/gallery/paintings/60s/61A42.jpg,1960.0,1961.0,1960s,paintings,
34,34,34,34,34,"The Cha Cha That Was Danced in The Early Hours of 24th March, 1961",oil on canvas 68x60 1/2 in.,https://www.hockney.com/img/gallery/paintings/60s/61B07.jpg,,,Na,paintings,
35,35,35,35,35,We two Boys Together Clinging Together,1961 - oil on board 48x60 in.,https://www.hockney.com/img/gallery/paintings/60s/61B04.jpg,1960.0,1961.0,1960s,paintings,
36,36,36,36,36,Doll Boy,1960 - oil on canvas 48x39 in.,https://www.hockney.com/img/gallery/paintings/60s/61B13.jpg,1960.0,1960.0,1960s,paintings,
37,37,37,37,37,Adhesiveness,1960 - oil on board 50x40 in.,https://www.hockney.com/img/gallery/paintings/60s/60A37.jpg,1960.0,1960.0,1960s,paintings,
38,38,38,38,38,Going To Be A Queen For Tonight,1960 - oil on board 48x36 in.,https://www.hockney.com/img/gallery/paintings/60s/60B02.jpg,1960.0,1960.0,1960s,paintings,
39,39,39,39,39,Divine,1979 - acrylic on canvas 60x60 in.,https://www.hockney.com/img/gallery/paintings/70s/79G35.jpg,1970.0,1979.0,1970s,paintings,
40,40,40,40,40,Santa Monica Boulevard,1979 - acrylic on canvas 24x36 in.,https://www.hockney.com/img/gallery/paintings/70s/79G38.jpg,1970.0,1979.0,1970s,paintings,
41,41,41,41,41,Schwimmbad Mitternacht  (Paper Pool 11),1978 - colored and pressed paper pulp 72x85 1/2 in.,https://www.hockney.com/img/gallery/paintings/70s/78C34.jpg,1970.0,1978.0,1970s,paintings,
42,42,42,42,42,A Large Diver  (Paper Pool 27),1978 - colored and pressed paper pulp 72x171 in.,https://www.hockney.com/img/gallery/paintings/70s/78C35.jpg,1970.0,1978.0,1970s,paintings,
43,43,43,43,43,Looking At Pictures On A Screen,1977 - oil on canvas 74x74 in.,https://www.hockney.com/img/gallery/paintings/70s/77B36.jpg,1970.0,1977.0,1970s,paintings,
44,44,44,44,44,My Parents,1977 - oil on canvas 72x72 in.,https://www.hockney.com/img/gallery/paintings/70s/77B37.jpg,1970.0,1977.0,1970s,paintings,
45,45,45,45,45,Model With Unfinished Self-Portrait,1977 - oil on canvas 60x60 in.,https://www.hockney.com/img/gallery/paintings/70s/77B35.jpg,1970.0,1977.0,1970s,paintings,
46,46,46,46,46,Self-Portrait With Blue Guitar,1977 - oil on canvas 60x72 in.,https://www.hockney.com/img/gallery/paintings/70s/77B34.jpg,1970.0,1977.0,1970s,paintings,
47,47,47,47,47,Invented Man Revealing Still Life,1975 - oil on canvas 36x28 1/2 in.,https://www.hockney.com/img/gallery/paintings/70s/75C05.jpg,1970.0,1975.0,1970s,paintings,
48,48,48,48,48,Kerby (After Hogart) Useful Knowledge,1975 - oil on canvas 72x60 in.,https://www.hockney.com/img/gallery/paintings/70s/75C04.jpg,1970.0,1975.0,1970s,paintings,
49,49,49,49,49,Shirley Goldfarb & Gregory Masurovsky,1974 - acrylic on canvas 45x84 in.,https://www.hockney.com/img/gallery/paintings/70s/74B01.jpg,1970.0,1974.0,1970s,paintings,
50,50,50,50,50,Contre-Jour in the French Style-Against the day Dans Le Style-Francais,1974 - oil on canvas 72x72 in.,https://www.hockney.com/img/gallery/paintings/70s/74D37.jpg,1970.0,1974.0,1970s,paintings,
51,51,51,51,51,Yves Marie in the Rain,1973 - oil on canvas 48x60 in.,https://www.hockney.com/img/gallery/paintings/70s/73B06.jpg,1970.0,1973.0,1970s,paintings,
52,52,52,52,52,Mt. Fuji and Flowers,1972 - acrylic on canvas 60x48 in.,https://www.hockney.com/img/gallery/paintings/70s/72A25.jpg,1970.0,1972.0,1970s,paintings,
53,53,53,53,53,Portrait of an Artist (Pool with two figures),1972 - acrylic on canvas 84x120 in.,https://www.hockney.com/img/gallery/paintings/70s/72A33.jpg,1970.0,1972.0,1970s,paintings,
54,54,54,54,54,"Two deck chairs, Calvi",1972 - acrylic on canvas 60x48 in.,https://www.hockney.com/img/gallery/paintings/70s/72A27.jpg,1970.0,1972.0,1970s,paintings,
55,55,55,55,55,Still Life On a Glass Table,1971 - acrylic on canvas 72x108 in.,https://www.hockney.com/img/gallery/paintings/70s/71A21.jpg,1970.0,1971.0,1970s,paintings,
56,56,56,56,56,Beach Umbrella,1971 - acrylic on canvas 48x35 3/4 in.,https://www.hockney.com/img/gallery/paintings/70s/71A17.jpg,1970.0,1971.0,1970s,paintings,
57,57,57,57,57,Rubber Ring Floating In a Swimming Pool,1971 - acrylic on canvas 36x48 in.,https://www.hockney.com/img/gallery/paintings/70s/71A19.jpg,1970.0,1971.0,1970s,paintings,
58,58,58,58,58,Mr. and Mrs. Clark and Percy,1970 - 71 - acrylic on canvas 84x120 in.,https://www.hockney.com/img/gallery/paintings/70s/70A34.jpg,1970.0,1970.0,1970s,paintings,
59,59,59,59,59,Under and Out of the Arch,1989 - oil on canvas 24x36 in.,https://www.hockney.com/img/gallery/paintings/80s/89N35.jpg,1980.0,1989.0,1980s,paintings,
60,60,60,60,60,"Breakfast At Malibu, Sunday",1989 - oil on canvas 24x36 in.,https://www.hockney.com/img/gallery/paintings/80s/89B12.jpg,1980.0,1989.0,1980s,paintings,
61,61,61,61,61,Malibu House,1988 - oil on canvas 24x36 in.,https://www.hockney.com/img/gallery/paintings/80s/88D01.jpg,1980.0,1988.0,1980s,paintings,
62,62,62,62,62,"Potted Jade, 1988 oil on canvas,",1988 - oil on canvas 30 1/2 x 61 in.,https://www.hockney.com/img/gallery/paintings/80s/88A36.jpg,1980.0,1988.0,1980s,paintings,
63,63,63,63,63,The Sea At Malibu,1988 - oil on canvas 36x48 in.,https://www.hockney.com/img/gallery/paintings/80s/88B15.jpg,1980.0,1988.0,1980s,paintings,
64,64,64,64,64,Red And Black Fruit,1988 - oil on canvas 12x24 in.,https://www.hockney.com/img/gallery/paintings/80s/88B30.jpg,1980.0,1988.0,1980s,paintings,
65,65,65,65,65,Henry,1988 - oil on canvas 24x24 in.,https://www.hockney.com/img/gallery/paintings/80s/88B16.jpg,1980.0,1988.0,1980s,paintings,
66,66,66,66,66,Kasmin,1988 - oil 24x24 in.,https://www.hockney.com/img/gallery/paintings/80s/88B25.jpg,1980.0,1988.0,1980s,paintings,
67,67,67,67,67,Livingroom at Malibu With View,1988 - oil on canvas 24x36 in.,https://www.hockney.com/img/gallery/paintings/80s/88D02.jpg,1980.0,1988.0,1980s,paintings,
68,68,68,68,68,Used Chair,1988 - oil on canvas 24x36 in.,https://www.hockney.com/img/gallery/paintings/80s/88B13.jpg,1980.0,1988.0,1980s,paintings,
69,69,69,69,69,Green and Blue Plant,1987 - acrylic on canvas 24x36 in.,https://www.hockney.com/img/gallery/paintings/80s/87J04.jpg,1980.0,1987.0,1980s,paintings,
70,70,70,70,70,"A Walk Around the Hotel Courtyard, Acatlan",1985 - oil on 2 canvases 72x240 in.,https://www.hockney.com/img/gallery/paintings/80s/85A05.jpg,1980.0,1985.0,1980s,paintings,
71,71,71,71,71,The Chair,1985 - oil on canvas 48x36 in.,https://www.hockney.com/img/gallery/paintings/80s/85A04.jpg,1980.0,1985.0,1980s,paintings,
72,72,72,72,72,Celia With Her Foot on a Chair,1984 - oil on canvas 30 1/4 x 22 5/8 in.,https://www.hockney.com/img/gallery/paintings/80s/84G30.jpg,1980.0,1984.0,1980s,paintings,
73,73,73,73,73,"Study of Dining Table, Chris & Don’s House",1984 - oil on canvas 57x43 in.,https://www.hockney.com/img/gallery/paintings/80s/84H05.jpg,1980.0,1984.0,1980s,paintings,
74,74,74,74,74,Christopher With His Glasses On,1984 - oil 30 1/2 x 22 7/8 in.,https://www.hockney.com/img/gallery/paintings/80s/84H06.jpg,1980.0,1984.0,1980s,paintings,
75,75,75,75,75,"David, Celia, Stephan and Ian, London",1982 - oil on 8 canvases 72x80 in.,https://www.hockney.com/img/gallery/paintings/80s/82B26.jpg,1980.0,1982.0,1980s,paintings,
76,76,76,76,76,Hollywood Hills House,"1981-82 - oil, charcoal & collage on canvas 60x120 in.",https://www.hockney.com/img/gallery/paintings/80s/82A21.jpg,1980.0,1981.0,1980s,paintings,
77,77,77,77,77,Mulholland Drive: The Road to the Studio,1980 - acrylic on canvas 86x243 in.,https://www.hockney.com/img/gallery/paintings/80s/80A34.jpg,1980.0,1980.0,1980s,paintings,
78,78,78,78,78,Nichols Canyon,1980 - acrylic on canvas 84x60 in.,https://www.hockney.com/img/gallery/paintings/80s/80A37.jpg,1980.0,1980.0,1980s,paintings,
79,79,79,79,79,"Ken  Wathey  January 3 1997, 1997  oil on canvas,",1997 - oil on canvas 24x15 in.,https://www.hockney.com/img/gallery/paintings/80s/97A07.jpg,1990.0,1997.0,1990s,paintings,
80,80,80,80,80,Jonathan Silver  February 27 1996,13 3/4 x 10 3/4 in.  - oil on canvas 1996,https://www.hockney.com/img/gallery/paintings/80s/97A29.jpg,1990.0,1996.0,1990s,paintings,
81,81,81,81,81,Gregory Evans  January 20,1997 - oil on canvas 13 3/4 x 10 3/4 in.,https://www.hockney.com/img/gallery/paintings/80s/97A10.jpg,1990.0,1997.0,1990s,paintings,
82,82,82,82,82,Halaconia In Green Vase,1996 - oil on canvas 72x72 in.,https://www.hockney.com/img/gallery/paintings/80s/96B41.jpg,1990.0,1996.0,1990s,paintings,
83,83,83,83,83,Three Sunflowers And A Bottle of Water,1996 - oil on canvas 25 3/4 x 32 in.,https://www.hockney.com/img/gallery/paintings/80s/96B28.jpg,1990.0,1996.0,1990s,paintings,
84,84,84,84,84,"Red, Purple & Green Vegetables",1996 - oil on canvas 25 3/4 x 32 in.,https://www.hockney.com/img/gallery/paintings/80s/96B09.jpg,1990.0,1996.0,1990s,paintings,
85,85,85,85,85,A Bigger Bridlington Studio Interior,1996 - oil on canvas 32x48 in.,https://www.hockney.com/img/gallery/paintings/80s/96B12.jpg,1990.0,1996.0,1990s,paintings,
86,86,86,86,86,Antheriums,1995 - oil on canvas 36x48 in.,https://www.hockney.com/img/gallery/paintings/80s/95F14.jpg,1990.0,1995.0,1990s,paintings,
87,87,87,87,87,Dog Painting 17,1995 - oil on canvas 13x21 3/4 in.,https://www.hockney.com/img/gallery/paintings/80s/95C14.jpg,1990.0,1995.0,1990s,paintings,
88,88,88,88,88,"Snails Space with Vari-lites, “Painting as Performance”",1995-96 - mixed media 84 1/4 x264x135 in.,https://www.hockney.com/img/gallery/paintings/80s/96B13-2.jpg,1990.0,1995.0,1990s,paintings,
89,89,89,89,89,The Other Side,1990-93 - oil on 2 canvases 72x132 in.,https://www.hockney.com/img/gallery/paintings/80s/93B01.jpg,1990.0,1990.0,1990s,paintings,
90,90,90,90,90,Light And Dark Getting Together,1991 - oil on canvas 10 1/2 x16 1/2 in.,https://www.hockney.com/img/gallery/paintings/80s/91D19.jpg,1990.0,1991.0,1990s,paintings,
91,91,91,91,91,The Fourth V.N. Painting,1992 - oil on canvas 24x24 in.,https://www.hockney.com/img/gallery/paintings/80s/92A09.jpg,1990.0,1992.0,1990s,paintings,
92,92,92,92,92,The Twenty Fourth  V.N. Painting,1992 - oil on canvas 24x36 in.,https://www.hockney.com/img/gallery/paintings/80s/92A35.jpg,1990.0,1992.0,1990s,paintings,
93,93,93,93,93,The Only One With Waves,1997 - oil on canvas 36x48 in.,https://www.hockney.com/img/gallery/paintings/80s/91D03.jpg,1990.0,1997.0,1990s,paintings,
94,94,94,94,94,What About The Caves,1991 - oil on canvas 36x48 in.,https://www.hockney.com/img/gallery/paintings/80s/91D04.jpg,1990.0,1991.0,1990s,paintings,
95,95,95,95,95,John Fitzherbert,1990 - oil on canvas 36x24 in.,https://www.hockney.com/img/gallery/paintings/80s/90C03.jpg,1990.0,1990.0,1990s,paintings,
96,96,96,96,96,The Railing,1990 - oil on canvas 36x48 in.,https://www.hockney.com/img/gallery/paintings/80s/90E10.jpg,1990.0,1990.0,1990s,paintings,
97,97,97,97,97,Mum,1990 - oil on canvas 36x24 in.,https://www.hockney.com/img/gallery/paintings/80s/90C04.jpg,1990.0,1990.0,1990s,paintings,
98,98,98,98,98,Small Santa Monica & The Bay From the Mountains,1990 - oil on canvas 36x72 in.,https://www.hockney.com/img/gallery/paintings/80s/90E16.jpg,1990.0,1990.0,1990s,paintings,
99,99,99,99,99,Felled Totem I,2009 - oil on canvas 60 X 72in.,https://www.hockney.com/img/gallery/paintings/00s/09A13.jpg,2000.0,2009.0,2000s,paintings,
100,100,100,100,100,May Blossom on the Roman Road,2009 - oil on 8 canvases 72 X 192,https://www.hockney.com/img/gallery/paintings/00s/09A12.jpg,2000.0,2009.0,2000s,paintings,
101,101,101,101,101,"Early Blossom, Woldgate",2009 - oil on canvas 36 X 72,https://www.hockney.com/img/gallery/paintings/00s/09A03.jpg,2000.0,2009.0,2000s,paintings,
102,102,102,102,102,The Big Hawthorne,"2008 - oil on canvas, 9 panels 108 x 144 in.",https://www.hockney.com/img/gallery/paintings/00s/08A16.jpg,2000.0,2008.0,2000s,paintings,
103,103,103,103,103,Hawthorne Blossom Near Rudston,"2008 - oil on canvas, two panels 60 x 96 in.",https://www.hockney.com/img/gallery/paintings/00s/08A13.jpg,2000.0,2008.0,2000s,paintings,
104,104,104,104,104,More Felled Trees on Woldgate,"2008 - oil on canvas, two panels 60 x 96 in.",https://www.hockney.com/img/gallery/paintings/00s/08A09.jpg,2000.0,2008.0,2000s,paintings,
105,105,105,105,105,Three Trees Near Thixendale (Series of 4),"Spring 2008 - oil on canvas, 8 panels 72 x 192 in.",https://www.hockney.com/img/gallery/paintings/00s/08A08.jpg,2000.0,2008.0,2000s,paintings,
106,106,106,106,106,"Bigger Trees Nearer Warter, Winter","2007 - oil on canvas, six panels 108 x 144 in.",https://www.hockney.com/img/gallery/paintings/00s/08A01.jpg,2000.0,2007.0,2000s,paintings,
107,107,107,107,107,Woldgate Lane to Burton Agnes,"2007 - oil on canvas, two panels 48 x 72 in.",https://www.hockney.com/img/gallery/paintings/00s/07A05.jpg,2000.0,2007.0,2000s,paintings,
108,108,108,108,108,Bigger Trees Near Warter or/ou Peinture sur le Motif pour le Nouvel Age Post-Photographique,2007 - oil on 50 canvases 180 x 480 in. overall,https://www.hockney.com/img/gallery/paintings/00s/07A04.jpg,2000.0,2007.0,2000s,paintings,
109,109,109,109,109,Wheatfields off Woldgate,2006 - oil on canvas 36 x 48 in,https://www.hockney.com/img/gallery/paintings/00s/06A35.jpg,2000.0,2006.0,2000s,paintings,
110,110,110,110,110,Late Spring Tunnel,"May 2006 - oil on canvas, two parts 48 x 72 in",https://www.hockney.com/img/gallery/paintings/00s/06A26.jpg,2000.0,2006.0,2000s,paintings,
111,111,111,111,111,"Woldgate Woods III , May 20 & 21",2006 - Oil on 6 canvases 72in x 144in,https://www.hockney.com/img/gallery/paintings/00s/06A23.jpg,2000.0,2006.0,2000s,paintings,
112,112,112,112,112,"Woldgate Woods, 30 March-21 April",2006 - Oil on 6 canvases 72in x 144in,https://www.hockney.com/img/gallery/paintings/00s/06A15.jpg,2000.0,2006.0,2000s,paintings,
113,113,113,113,113,Winter Tunnel with Snow,March 2006 - Oil on canvas 36x48in,https://www.hockney.com/img/gallery/paintings/00s/06A11.jpg,2000.0,2006.0,2000s,paintings,
114,114,114,114,114,The Photographer & His Daughter (Jim & Chloe McHugh),2005 - Oil on canvas 56x76 in.,https://www.hockney.com/img/gallery/paintings/00s/05A32.jpg,2000.0,2005.0,2000s,paintings,
115,115,115,115,115,Self Portrait with Charlie,2005 - Oil on canvas 76x36 in.,https://www.hockney.com/img/gallery/paintings/00s/05A31.jpg,2000.0,2005.0,2000s,paintings,
116,116,116,116,116,"Andalucia Mosque, Cordova",2004 - Watercolor on 2 sheets of paper (29 1/2 x 41 1/2 in. each) 29 1/2 x 83in,https://www.hockney.com/img/gallery/paintings/00s/04A06.jpg,2000.0,2004.0,2000s,paintings,
117,117,117,117,117,Cactus Garden III,2003 - Watercolor on paper (4 sheets) 39 7/8 x 51 1/2 in.,https://www.hockney.com/img/gallery/paintings/00s/03C31.jpg,2000.0,2003.0,2000s,paintings,
118,118,118,118,118,Interior With Lamp,2003 - Watercolor on paper (6 sheets) 39 1/4 x 75 3/8 in,https://www.hockney.com/img/gallery/paintings/00s/03A32.jpg,2000.0,2003.0,2000s,paintings,
119,119,119,119,119,Tujfjord Nordkapp II,2002 - Watercolor on paper (6 sheets) 36x72in,https://www.hockney.com/img/gallery/paintings/00s/02R30.jpg,2000.0,2002.0,2000s,paintings,
120,120,120,120,120,Lindy Dufferin I,2002 - Watercolor on paper (2 sheets) 48x18 1/8 in.,https://www.hockney.com/img/gallery/paintings/00s/02U19.jpg,2000.0,2002.0,2000s,paintings,
121,121,121,121,121,Arcadia Fletcher and Robin Katz,2002 - Watercolor on paper (4 sheets) 54 1/4 x 42 3/8 in.,https://www.hockney.com/img/gallery/paintings/00s/02U05.jpg,2000.0,2002.0,2000s,paintings,
122,122,122,122,122,Guest House Wall,2000 - Oil on canvas 36x46in,https://www.hockney.com/img/gallery/paintings/00s/00G06.jpg,2000.0,2000.0,2000s,paintings,
123,123,123,123,123,Red Pots In The Garden,2000 - Oil on canvas 60x76 in.,https://www.hockney.com/img/gallery/paintings/00s/00G03.jpg,2000.0,2000.0,2000s,paintings,
124,124,124,124,124,A Bigger Interior with Blue Terrace and Garden,2017 - Acrylic on canvas 51 x 96 in (hexagonal),https://www.hockney.com/img/gallery/paintings/10s/17A05.jpg,2010.0,2017.0,2010s,paintings,
125,125,125,125,125,Birth and Copulation and Death. That’s all the facts when you come to brass tacks.,2017 - Acrylic on canvas 50 x 96 in (hexagonal),https://www.hockney.com/img/gallery/paintings/10s/17A04.jpg,2010.0,2017.0,2010s,paintings,
126,126,126,126,126,"Annunciation 2, after Fra Angelico",2017 - Acrylic on canvas 49 x 96 in (hexagonal),https://www.hockney.com/img/gallery/paintings/10s/17A03.jpg,2010.0,2017.0,2010s,paintings,
127,127,127,127,127,"Annunciation 1, Interior and Exterior with Flowers",2017 - Acrylic on canvas 48 x 96 in (hexagonal),https://www.hockney.com/img/gallery/paintings/10s/17A02.jpg,2010.0,2017.0,2010s,paintings,
128,128,128,128,128,Interior with Blue Terrace and Garden,2017 - Acrylic on canvas 48 x 96 in,https://www.hockney.com/img/gallery/paintings/10s/17A01.jpg,2010.0,2017.0,2010s,paintings,
129,129,129,129,129,Garden #3,2016 - Acrylic on canvas 36 x 48 in,https://www.hockney.com/img/gallery/paintings/10s/16B01.jpg,2010.0,2016.0,2010s,paintings,
130,130,130,130,130,Chair with Banana and Fruit,2015 - Acrylic on canvas 48 x 36 in,https://www.hockney.com/img/gallery/paintings/10s/15A17.jpg,2010.0,2015.0,2010s,paintings,
131,131,131,131,131,Garden with Blue Terrace,2015 - Acrylic on canvas 48 x 72 in,https://www.hockney.com/img/gallery/paintings/10s/15A12.jpg,2010.0,2015.0,2010s,paintings,
132,132,132,132,132,The Chair,2015 - Acrylic on canvas 48 x 36 in,https://www.hockney.com/img/gallery/paintings/10s/15A09.jpg,2010.0,2015.0,2010s,paintings,
133,133,133,133,133,"Garden, 2015",2015 - Acrylic on canvas 48 x 72 in,https://www.hockney.com/img/gallery/paintings/10s/15A08.jpg,2010.0,2015.0,2010s,paintings,
134,134,134,134,134,Studio Interior #4,2014-2015 - Acrylic on canvas 72 x 48 in,https://www.hockney.com/img/gallery/paintings/10s/15A01.jpg,2010.0,2014.0,2010s,paintings,
135,135,135,135,135,Card Players #2,2014 - Acrylic on canvas 48 x 72 in,https://www.hockney.com/img/gallery/paintings/10s/14B21.jpg,2010.0,2014.0,2010s,paintings,
136,136,136,136,136,Studio Interior #3,2014 - Acrylic on canvas 48 x 72 in,https://www.hockney.com/img/gallery/paintings/10s/14B20.jpg,2010.0,2014.0,2010s,paintings,
137,137,137,137,137,Studio Interior #2,2014 - Acrylic on canvas 48 x 72 in,https://www.hockney.com/img/gallery/paintings/10s/14B19.jpg,2010.0,2014.0,2010s,paintings,
138,138,138,138,138,Card Players #1,2014 - Acrylic on canvas 48 x 72 in,https://www.hockney.com/img/gallery/paintings/10s/14B17.jpg,2010.0,2014.0,2010s,paintings,
139,139,139,139,139,"The Dancers III, 13 August - 8 September",2014 - Acrylic on canvas 48 x 72 in,https://www.hockney.com/img/gallery/paintings/10s/14B14.jpg,2010.0,2014.0,2010s,paintings,
140,140,140,140,140,"Jean-Pierre Goncalves de Lima, 1 August",2014 - Acrylic on canvas 24 x 24 in,https://www.hockney.com/img/gallery/paintings/10s/14B09.jpg,2010.0,2014.0,2010s,paintings,
141,141,141,141,141,"Jonathan Mills, 30-31 July",2014 - Acrylic on canvas 24 x 24 in,https://www.hockney.com/img/gallery/paintings/10s/14B08.jpg,2010.0,2014.0,2010s,paintings,
142,142,142,142,142,"John Knight, 27-28 July",2014 - Acrylic on canvas 24 x 24 in,https://www.hockney.com/img/gallery/paintings/10s/14B07.jpg,2010.0,2014.0,2010s,paintings,
143,143,143,143,143,"The Group XI, 7-11 July",2014 - Acrylic on canvas 48 x 72 in,https://www.hockney.com/img/gallery/paintings/10s/14B03.jpg,2010.0,2014.0,2010s,paintings,
144,144,144,144,144,"The Group VII, 20-27 May",2014 - Acrylic on canvas 48 x 72 in,https://www.hockney.com/img/gallery/paintings/10s/14A36.jpg,2010.0,2014.0,2010s,paintings,
145,145,145,145,145,"The Group I, 31 March - 11 April",2014 - Acrylic on 2 canvases (48 x 36in each) 48 x 72 in overall,https://www.hockney.com/img/gallery/paintings/10s/14A26.jpg,2010.0,2014.0,2010s,paintings,
146,146,146,146,146,Douglas Baxter’s Back,2014 - Acrylic on canvas 48 x 36 in,https://www.hockney.com/img/gallery/paintings/10s/14A10.jpg,2010.0,2014.0,2010s,paintings,
147,147,147,147,147,"Bing McGilvray, 7-8 August",2013 - Acrylic on canvas 24 x 16 in,https://www.hockney.com/img/gallery/paintings/10s/13C18.jpg,2010.0,2013.0,2010s,paintings,
148,148,148,148,148,Richard Schmidt,2013 - Acrylic on canvas 28 x 22 in,https://www.hockney.com/img/gallery/paintings/10s/13C09.jpg,2010.0,2013.0,2010s,paintings,
149,149,149,149,149,"The Arrival of Spring in Woldgate, East Yorkshire in 2011 (twenty eleven)",2011 - Oil on 32 canvases (36 x 48in each) 144 x 384 in overall,https://www.hockney.com/img/gallery/paintings/10s/11A03.jpg,2010.0,2011.0,2010s,paintings,
150,150,150,150,150,Queen Anne’s Lace near Kilham,2010 - 2011 - Oil on canvas 67 1/2 x 102 1/4 in,https://www.hockney.com/img/gallery/paintings/10s/10A18.jpg,2010.0,2010.0,2010s,paintings,
151,151,151,151,151,"Early Spring, Woldgate",2010 - Oil on canvas 67 1/2 x 102 1/4 in,https://www.hockney.com/img/gallery/paintings/10s/10A17.jpg,2010.0,2010.0,2010s,paintings,
152,152,152,152,152,The Sermon on the Mount X (after Claude),2010 - Oil on canvas 67 1/2 x 102 1/4 in,https://www.hockney.com/img/gallery/paintings/10s/10A10.jpg,2010.0,2010.0,2010s,paintings,
153,153,153,153,153,The Sermon on the Mount II (after Claude),2010 - Oil on canvas 67 1/2 x 102 1/4 in,https://www.hockney.com/img/gallery/paintings/10s/10A02.jpg,2010.0,2010.0,2010s,paintings,
154,154,154,154,154,Tall Black Trees,2008 - inkjet printed computer drawing on paper 93 1/2 X 41 3/4in.,https://www.hockney.com/img/gallery/digital/computer_drawings/PD17large.jpg,2000.0,2008.0,2000s,digital,computer_drawings
155,155,155,155,155,Less Trees Near Warter,2009 - inkjet printed computer drawing on paper 95 1/2 X 44in.,https://www.hockney.com/img/gallery/digital/computer_drawings/PD26-large.jpg,2000.0,2009.0,2000s,digital,computer_drawings
156,156,156,156,156,The Atelier March 17th 2009,inkjet printed computer drawing on paper 29 1/2 X 43in.,https://www.hockney.com/img/gallery/digital/computer_drawings/C.D.-084.jpg,,,Na,digital,computer_drawings
157,157,157,157,157,Matelot Kevin Druez 2,2009 - inkjet printed computer drawing on paper 60 X 41in.,https://www.hockney.com/img/gallery/digital/computer_drawings/C.D.-081.jpg,2000.0,2009.0,2000s,digital,computer_drawings
158,158,158,158,158,Matelot Kevin Druez 1,2009 - inkjet printed computer drawing on paper 49 X 33 1/2in.,https://www.hockney.com/img/gallery/digital/computer_drawings/C.D.-080.jpg,2000.0,2009.0,2000s,digital,computer_drawings
159,159,159,159,159,Francis Russell,2009 - inkjet printed computer drawing on paper 49 X 33 1/2in.,https://www.hockney.com/img/gallery/digital/computer_drawings/C.D.-079.jpg,2000.0,2009.0,2000s,digital,computer_drawings
160,160,160,160,160,Paul & Margaret Hockney,2009 - inkjet printed computer drawing on paper 49 X 33 1/2in.,https://www.hockney.com/img/gallery/digital/computer_drawings/C.D.-078.jpg,2000.0,2009.0,2000s,digital,computer_drawings
161,161,161,161,161,Paul Hockney 2,2009 - inkjet printed computer drawing on paper 49 X 33 1/2in.,https://www.hockney.com/img/gallery/digital/computer_drawings/C.D.-077.jpg,2000.0,2009.0,2000s,digital,computer_drawings
162,162,162,162,162,Paul Hockney 1,2009 - inkjet printed computer drawing on paper 60 X 41in.,https://www.hockney.com/img/gallery/digital/computer_drawings/C.D.-076.jpg,2000.0,2009.0,2000s,digital,computer_drawings
163,163,163,163,163,Michele And John Spike,2009 - inkjet printed computer drawing on paper 49 X 33 1/2in.,https://www.hockney.com/img/gallery/digital/computer_drawings/C.D.-075.jpg,2000.0,2009.0,2000s,digital,computer_drawings
164,164,164,164,164,Peter Goulds,2009 - inkjet printed computer drawing on paper 49 X 33 1/2in.,https://www.hockney.com/img/gallery/digital/computer_drawings/C.D.-074.jpg,2000.0,2009.0,2000s,digital,computer_drawings
165,165,165,165,165,Jamie McHale 2,2008 - inkjet printed computer drawing on paper 49 X 33 1/2in.,https://www.hockney.com/img/gallery/digital/computer_drawings/C.D.-073.jpg,2000.0,2008.0,2000s,digital,computer_drawings
166,166,166,166,166,Sir Tatton Sykes,2008 - inkjet printed computer drawing on paper 60 X 41in.,https://www.hockney.com/img/gallery/digital/computer_drawings/C.D.-072.jpg,2000.0,2008.0,2000s,digital,computer_drawings
167,167,167,167,167,Maurice Payne,2008 - inkjet printed computer drawing on paper 49 X 33 1/2in.,https://www.hockney.com/img/gallery/digital/computer_drawings/C.D.-071.jpg,2000.0,2008.0,2000s,digital,computer_drawings
168,168,168,168,168,Dr. Elizabeth Barton,2008 - inkjet printed computer drawing on paper 49 X 33 1/2in.,https://www.hockney.com/img/gallery/digital/computer_drawings/C.D.-070.jpg,2000.0,2008.0,2000s,digital,computer_drawings
169,169,169,169,169,Margaret  Hockney,2008 - inkjet printed computer drawing on paper 49 X 33 1/2in.,https://www.hockney.com/img/gallery/digital/computer_drawings/C.D.-069.jpg,2000.0,2008.0,2000s,digital,computer_drawings
170,170,170,170,170,Jonathan Wilkinson,2008 - inkjet printed computer drawing on paper 60 X 41in.,https://www.hockney.com/img/gallery/digital/computer_drawings/C.D.-068.jpg,2000.0,2008.0,2000s,digital,computer_drawings
171,171,171,171,171,Jean-Pierre  Goncalves de Lima,2008 - inkjet printed computer drawing on paper 49 X 33 1/2in.,https://www.hockney.com/img/gallery/digital/computer_drawings/C.D.-067.jpg,2000.0,2008.0,2000s,digital,computer_drawings
172,172,172,172,172,John Fitzherbert,2008 - inkjet printed computer drawing on paper 60 X 41in.,https://www.hockney.com/img/gallery/digital/computer_drawings/C.D.-066.jpg,2000.0,2008.0,2000s,digital,computer_drawings
173,173,173,173,173,Dominic Elliott,2008 - inkjet printed computer drawing on paper 49 X 33 1/2in.,https://www.hockney.com/img/gallery/digital/computer_drawings/C.D.-065.jpg,2000.0,2008.0,2000s,digital,computer_drawings
174,174,174,174,174,Jamie McHale 1,2008 - inkjet printed computer drawing on paper 49 X 33 1/2in.,https://www.hockney.com/img/gallery/digital/computer_drawings/C.D.-064.jpg,2000.0,2008.0,2000s,digital,computer_drawings
175,175,175,175,175,Green Valley,2008 - inkjet printed computer drawing on paper 35 X 46 1/2in.,https://www.hockney.com/img/gallery/digital/computer_drawings/C.D.-063.jpg,2000.0,2008.0,2000s,digital,computer_drawings
176,176,176,176,176,Autumn Leaves,2008 - inkjet printed computer drawing on paper 35 X 46 1/2in.,https://www.hockney.com/img/gallery/digital/computer_drawings/C.D.-062.jpg,2000.0,2008.0,2000s,digital,computer_drawings
177,177,177,177,177,Autumn Trees Near Thixendale,28 October 2008 - inkjet printed computer drawing on paper 35 X 84 1/8in.,https://www.hockney.com/img/gallery/digital/computer_drawings/C.D.-061.jpg,2000.0,2008.0,2000s,digital,computer_drawings
178,178,178,178,178,Kilham With Church,2008 - inkjet printed computer drawing on paper 40 3/4 X 34in.,https://www.hockney.com/img/gallery/digital/computer_drawings/C.D.-058.jpg,2000.0,2008.0,2000s,digital,computer_drawings
179,179,179,179,179,"Cardigan Road, Bridlington",2008 - inkjet printed computer drawing on paper    44 3/4 X 32in.,https://www.hockney.com/img/gallery/digital/computer_drawings/C.D.-057.jpg,2000.0,2008.0,2000s,digital,computer_drawings
180,180,180,180,180,Rainy Night On Bridlington Promenade,2008 - inkjet printed computer drawing on paper 46 X 32in.,https://www.hockney.com/img/gallery/digital/computer_drawings/C.D.-056.jpg,2000.0,2008.0,2000s,digital,computer_drawings
181,181,181,181,181,Summer Sky,2008 - inkjet printed computer drawing on paper,https://www.hockney.com/img/gallery/digital/computer_drawings/C.D.-054.jpg,2000.0,2008.0,2000s,digital,computer_drawings
182,182,182,182,182,Summer Road Near Kilham,2008 - inkjet printed computer drawing on paper 48 1/4 X 37in.,https://www.hockney.com/img/gallery/digital/computer_drawings/C.D.-055.jpg,2000.0,2008.0,2000s,digital,computer_drawings
183,183,183,183,183,Winter Road Near Kilham,2008 - Edition: 25  inkjet printed computer drawing on paper 48 1/4 X 37in.,https://www.hockney.com/img/gallery/digital/computer_drawings/C.D.-053.jpg,2000.0,2008.0,2000s,digital,computer_drawings
184,184,184,184,184,"Untitled, 607",2010 - iPhone Drawing,https://www.hockney.com/img/gallery/digital/iphone/0607.jpg,2010.0,2010.0,2010s,digital,iphone
185,185,185,185,185,"Untitled, 522",2009 - iPhone Drawing,https://www.hockney.com/img/gallery/digital/iphone/0495.jpg,2000.0,2009.0,2000s,digital,iphone
186,186,186,186,186,"Untitled, 521",2009 - iPhone Drawing,https://www.hockney.com/img/gallery/digital/iphone/0522.jpg,2000.0,2009.0,2000s,digital,iphone
187,187,187,187,187,"Untitled, 512",2009 - iPhone Drawing,https://www.hockney.com/img/gallery/digital/iphone/0521.jpg,2000.0,2009.0,2000s,digital,iphone
188,188,188,188,188,"Untitled, 510",2009 - iPhone Drawing,https://www.hockney.com/img/gallery/digital/iphone/0512.jpg,2000.0,2009.0,2000s,digital,iphone
189,189,189,189,189,"Untitled, 498",2009 - iPhone Drawing,https://www.hockney.com/img/gallery/digital/iphone/0510.jpg,2000.0,2009.0,2000s,digital,iphone
190,190,190,190,190,"Untitled, 497",2009 - iPhone Drawing,https://www.hockney.com/img/gallery/digital/iphone/0474.jpg,2000.0,2009.0,2000s,digital,iphone
191,191,191,191,191,"Untitled, 496",2009 - iPhone Drawing,https://www.hockney.com/img/gallery/digital/iphone/0498.jpg,2000.0,2009.0,2000s,digital,iphone
192,192,192,192,192,"Untitled, 495",2009 - iPhone Drawing,https://www.hockney.com/img/gallery/digital/iphone/0494.jpg,2000.0,2009.0,2000s,digital,iphone
193,193,193,193,193,"Untitled, 494",2009 - iPhone Drawing,https://www.hockney.com/img/gallery/digital/iphone/0493.jpg,2000.0,2009.0,2000s,digital,iphone
194,194,194,194,194,"Untitled, 493",2009 - iPhone Drawing,https://www.hockney.com/img/gallery/digital/iphone/0497.jpg,2000.0,2009.0,2000s,digital,iphone
195,195,195,195,195,"Untitled, 474",2009 - iPhone Drawing,https://www.hockney.com/img/gallery/digital/iphone/0496.jpg,2000.0,2009.0,2000s,digital,iphone
196,196,196,196,196,"Untitled, 471",2009 - iPhone Drawing,https://www.hockney.com/img/gallery/digital/iphone/0469.jpg,2000.0,2009.0,2000s,digital,iphone
197,197,197,197,197,"Untitled, 470",2009 - iPhone Drawing,https://www.hockney.com/img/gallery/digital/iphone/0470.jpg,2000.0,2009.0,2000s,digital,iphone
198,198,198,198,198,"Untitled, 469",2009 - iPhone Drawing,https://www.hockney.com/img/gallery/digital/iphone/0471.jpg,2000.0,2009.0,2000s,digital,iphone
199,199,199,199,199,"Untitled, 468",2009 - iPhone Drawing,https://www.hockney.com/img/gallery/digital/iphone/0468.jpg,2000.0,2009.0,2000s,digital,iphone
200,200,200,200,200,"Untitled, 465",2009 - iPhone Drawing,https://www.hockney.com/img/gallery/digital/iphone/0465.jpg,2000.0,2009.0,2000s,digital,iphone
201,201,201,201,201,"Untitled, 400",2009 - iPhone Drawing,https://www.hockney.com/img/gallery/digital/iphone/0400.jpg,2000.0,2009.0,2000s,digital,iphone
202,202,202,202,202,"Untitled, 398",2009 - iPhone Drawing,https://www.hockney.com/img/gallery/digital/iphone/0398.jpg,2000.0,2009.0,2000s,digital,iphone
203,203,203,203,203,"Untitled, 392",2009 - iPhone Drawing,https://www.hockney.com/img/gallery/digital/iphone/0392.jpg,2000.0,2009.0,2000s,digital,iphone
204,204,204,204,204,"Untitled, 383",2009 - iPhone Drawing,https://www.hockney.com/img/gallery/digital/iphone/0383.jpg,2000.0,2009.0,2000s,digital,iphone
205,205,205,205,205,"Untitled, 382",2009 - iPhone Drawing,https://www.hockney.com/img/gallery/digital/iphone/0382.jpg,2000.0,2009.0,2000s,digital,iphone
206,206,206,206,206,"Untitled, 365",2009 - iPhone Drawing,https://www.hockney.com/img/gallery/digital/iphone/0365.jpg,2000.0,2009.0,2000s,digital,iphone
207,207,207,207,207,"Untitled, 357",2009 - iPhone Drawing,https://www.hockney.com/img/gallery/digital/iphone/0357.jpg,2000.0,2009.0,2000s,digital,iphone
208,208,208,208,208,"Untitled, 297",2009 - iPhone Drawing,https://www.hockney.com/img/gallery/digital/iphone/0297.jpg,2000.0,2009.0,2000s,digital,iphone
209,209,209,209,209,"Untitled, 175",2009 - iPhone Drawing,https://www.hockney.com/img/gallery/digital/iphone/0175.jpg,2000.0,2009.0,2000s,digital,iphone
210,210,210,210,210,"Untitled, 165",2009 - iPhone Drawing,https://www.hockney.com/img/gallery/digital/iphone/0165.jpg,2000.0,2009.0,2000s,digital,iphone
211,211,211,211,211,"Untitled, 162",2009 - iPhone Drawing,https://www.hockney.com/img/gallery/digital/iphone/0162.jpg,2000.0,2009.0,2000s,digital,iphone
212,212,212,212,212,"Untitled, 161",2009 - iPhone Drawing,https://www.hockney.com/img/gallery/digital/iphone/0145.jpg,2000.0,2009.0,2000s,digital,iphone
213,213,213,213,213,"Untitled, 160",2009 - iPhone Drawing,https://www.hockney.com/img/gallery/digital/iphone/0148.jpg,2000.0,2009.0,2000s,digital,iphone
214,214,214,214,214,"Untitled, 151",2009 - iPhone Drawing,https://www.hockney.com/img/gallery/digital/iphone/0151.jpg,2000.0,2009.0,2000s,digital,iphone
215,215,215,215,215,"Untitled, 148",2009 - iPhone Drawing,https://www.hockney.com/img/gallery/digital/iphone/0161.jpg,2000.0,2009.0,2000s,digital,iphone
216,216,216,216,216,"Untitled, 145",2009 - iPhone Drawing,https://www.hockney.com/img/gallery/digital/iphone/0160.jpg,2000.0,2009.0,2000s,digital,iphone
217,217,217,217,217,"Untitled, 144",2009 - iPhone Drawing,https://www.hockney.com/img/gallery/digital/iphone/0144.jpg,2000.0,2009.0,2000s,digital,iphone
218,218,218,218,218,"Untitled, 143",2009 - iPhone Drawing,https://www.hockney.com/img/gallery/digital/iphone/0143.jpg,2000.0,2009.0,2000s,digital,iphone
219,219,219,219,219,"Untitled, 121",2009 - iPhone Drawing,https://www.hockney.com/img/gallery/digital/iphone/0121.jpg,2000.0,2009.0,2000s,digital,iphone
220,220,220,220,220,"Untitled, 102",2009 - iPhone Drawing,https://www.hockney.com/img/gallery/digital/iphone/0091.jpg,2000.0,2009.0,2000s,digital,iphone
221,221,221,221,221,"Untitled, 88",2009 - iPhone Drawing,https://www.hockney.com/img/gallery/digital/iphone/0102.jpg,2000.0,2009.0,2000s,digital,iphone
222,222,222,222,222,"Untitled, 91",2009 - iPhone Drawing,https://www.hockney.com/img/gallery/digital/iphone/0088.jpg,2000.0,2009.0,2000s,digital,iphone
223,223,223,223,223,"Untitled, 83",2009 - iPhone Drawing,https://www.hockney.com/img/gallery/digital/iphone/0083.jpg,2000.0,2009.0,2000s,digital,iphone
224,224,224,224,224,"Untitled, 72",2009 - iPhone Drawing,https://www.hockney.com/img/gallery/digital/iphone/0068.jpg,2000.0,2009.0,2000s,digital,iphone
225,225,225,225,225,"Untitled, 68",2009 - iPhone Drawing,https://www.hockney.com/img/gallery/digital/iphone/0021.jpg,2000.0,2009.0,2000s,digital,iphone
226,226,226,226,226,"Untitled, 67",2009 - iPhone Drawing,https://www.hockney.com/img/gallery/digital/iphone/0045.jpg,2000.0,2009.0,2000s,digital,iphone
227,227,227,227,227,"Untitled, 45",2009 - iPhone Drawing,https://www.hockney.com/img/gallery/digital/iphone/0067.jpg,2000.0,2009.0,2000s,digital,iphone
228,228,228,228,228,"Untitled, 21",2009 - iPhone Drawing,https://www.hockney.com/img/gallery/digital/iphone/0072.jpg,2000.0,2009.0,2000s,digital,iphone
229,229,229,229,229,"Untitled, 10",2009 - iPhone Drawing,https://www.hockney.com/img/gallery/digital/iphone/0010.jpg,2000.0,2009.0,2000s,digital,iphone
230,230,230,230,230,"Self Portrait, 25 March 2012, No. 1 (1231)",2012 - iPad Drawing,https://www.hockney.com/img/gallery/digital/ipad/1231.jpg,2010.0,2012.0,2010s,digital,ipad
231,231,231,231,231,"Self Portrait, 20 March 2012 (1219)",2012 - iPad Drawing,https://www.hockney.com/img/gallery/digital/ipad/1219.jpg,2010.0,2012.0,2010s,digital,ipad
232,232,232,232,232,"Self Portrait, 14 March 2012 (1201)",2012 - iPad Drawing,https://www.hockney.com/img/gallery/digital/ipad/1201.jpg,2010.0,2012.0,2010s,digital,ipad
233,233,233,233,233,"Self Portrait, 11 March 2012 (1193)",2012 - iPad Drawing,https://www.hockney.com/img/gallery/digital/ipad/1193.jpg,2010.0,2012.0,2010s,digital,ipad
234,234,234,234,234,"Untitled, 1159",2012 - iPad Drawing,https://www.hockney.com/img/gallery/digital/ipad/1159.jpg,2010.0,2012.0,2010s,digital,ipad
235,235,235,235,235,"Untitled, 1094",2011 - iPad Drawing,https://www.hockney.com/img/gallery/digital/ipad/1094.jpg,2010.0,2011.0,2010s,digital,ipad
236,236,236,236,236,"Untitled, 1072",2011 - iPad Drawing,https://www.hockney.com/img/gallery/digital/ipad/1072.jpg,2010.0,2011.0,2010s,digital,ipad
237,237,237,237,237,"Untitled, 1067",2011 - iPad Drawing,https://www.hockney.com/img/gallery/digital/ipad/1067.jpg,2010.0,2011.0,2010s,digital,ipad
238,238,238,238,238,"Untitled, 1062",2011 - iPad Drawing,https://www.hockney.com/img/gallery/digital/ipad/1062.jpg,2010.0,2011.0,2010s,digital,ipad
239,239,239,239,239,"Untitled, 1037",2011 - iPad Drawing,https://www.hockney.com/img/gallery/digital/ipad/1037.jpg,2010.0,2011.0,2010s,digital,ipad
240,240,240,240,240,"Untitled, 1031",2011 - iPad Drawing,https://www.hockney.com/img/gallery/digital/ipad/1031.jpg,2010.0,2011.0,2010s,digital,ipad
241,241,241,241,241,"Untitled, 1030",2011 - iPad Drawing,https://www.hockney.com/img/gallery/digital/ipad/1030.jpg,2010.0,2011.0,2010s,digital,ipad
242,242,242,242,242,"Untitled, 1000",2011 - iPad Drawing,https://www.hockney.com/img/gallery/digital/ipad/1000.jpg,2010.0,2011.0,2010s,digital,ipad
243,243,243,243,243,"Untitled, 998",2011 - iPad Drawing,https://www.hockney.com/img/gallery/digital/ipad/0998.jpg,2010.0,2011.0,2010s,digital,ipad
244,244,244,244,244,"Untitled, 978",2011 - iPad Drawing,https://www.hockney.com/img/gallery/digital/ipad/0978.jpg,2010.0,2011.0,2010s,digital,ipad
245,245,245,245,245,"Untitled, 977",2011 - iPad Drawing,https://www.hockney.com/img/gallery/digital/ipad/0977.jpg,2010.0,2011.0,2010s,digital,ipad
246,246,246,246,246,"Untitled, 966",2011 - iPad Drawing,https://www.hockney.com/img/gallery/digital/ipad/0966.jpg,2010.0,2011.0,2010s,digital,ipad
247,247,247,247,247,"Untitled, 955",2011 - iPad Drawing,https://www.hockney.com/img/gallery/digital/ipad/0955.jpg,2010.0,2011.0,2010s,digital,ipad
248,248,248,248,248,"Untitled, 938",2011 - iPad Drawing,https://www.hockney.com/img/gallery/digital/ipad/0938.jpg,2010.0,2011.0,2010s,digital,ipad
249,249,249,249,249,"Untitled, 922",2011 - iPad Drawing,https://www.hockney.com/img/gallery/digital/ipad/0922.jpg,2010.0,2011.0,2010s,digital,ipad
250,250,250,250,250,"Untitled, 918",2011 - iPad Drawing,https://www.hockney.com/img/gallery/digital/ipad/0918.jpg,2010.0,2011.0,2010s,digital,ipad
251,251,251,251,251,"Untitled, 917",2011 - iPad Drawing,https://www.hockney.com/img/gallery/digital/ipad/0917.jpg,2010.0,2011.0,2010s,digital,ipad
252,252,252,252,252,"Untitled, 913",2011 - iPad Drawing,https://www.hockney.com/img/gallery/digital/ipad/0913.jpg,2010.0,2011.0,2010s,digital,ipad
253,253,253,253,253,"Untitled, 910",2011 - iPad Drawing,https://www.hockney.com/img/gallery/digital/ipad/0910.jpg,2010.0,2011.0,2010s,digital,ipad
254,254,254,254,254,"Untitled, 894",2011 - iPad Drawing,https://www.hockney.com/img/gallery/digital/ipad/0894.jpg,2010.0,2011.0,2010s,digital,ipad
255,255,255,255,255,"Untitled, 888",2011 - iPad Drawing,https://www.hockney.com/img/gallery/digital/ipad/0888.jpg,2010.0,2011.0,2010s,digital,ipad
256,256,256,256,256,"Untitled, 883",2011 - iPad Drawing,https://www.hockney.com/img/gallery/digital/ipad/0883.jpg,2010.0,2011.0,2010s,digital,ipad
257,257,257,257,257,"Untitled, 878",2011 - iPad Drawing,https://www.hockney.com/img/gallery/digital/ipad/0878.jpg,2010.0,2011.0,2010s,digital,ipad
258,258,258,258,258,"Untitled, 863",2011 - iPad Drawing,https://www.hockney.com/img/gallery/digital/ipad/0863.jpg,2010.0,2011.0,2010s,digital,ipad
259,259,259,259,259,"Untitled, 852",2011 - iPad Drawing,https://www.hockney.com/img/gallery/digital/ipad/0852.jpg,2010.0,2011.0,2010s,digital,ipad
260,260,260,260,260,"Untitled, 829",2011 - iPad Drawing,https://www.hockney.com/img/gallery/digital/ipad/0829.jpg,2010.0,2011.0,2010s,digital,ipad
261,261,261,261,261,"Untitled, 822",2011 - iPad Drawing,https://www.hockney.com/img/gallery/digital/ipad/0822.jpg,2010.0,2011.0,2010s,digital,ipad
262,262,262,262,262,"Untitled, 820",2011 - iPad Drawing,https://www.hockney.com/img/gallery/digital/ipad/0820.jpg,2010.0,2011.0,2010s,digital,ipad
263,263,263,263,263,"Untitled, 810",2011 - iPad Drawing,https://www.hockney.com/img/gallery/digital/ipad/0810.jpg,2010.0,2011.0,2010s,digital,ipad
264,264,264,264,264,"Untitled, 791",2011 - iPad Drawing,https://www.hockney.com/img/gallery/digital/ipad/0791.jpg,2010.0,2011.0,2010s,digital,ipad
265,265,265,265,265,"Untitled, 780",2011 - iPad Drawing,https://www.hockney.com/img/gallery/digital/ipad/0780.jpg,2010.0,2011.0,2010s,digital,ipad
266,266,266,266,266,"Untitled, 776",2011 - iPad Drawing,https://www.hockney.com/img/gallery/digital/ipad/0776.jpg,2010.0,2011.0,2010s,digital,ipad
267,267,267,267,267,"Untitled, 772",2011 - iPad Drawing,https://www.hockney.com/img/gallery/digital/ipad/0772.jpg,2010.0,2011.0,2010s,digital,ipad
268,268,268,268,268,"Untitled, 753",2011 - iPad Drawing,https://www.hockney.com/img/gallery/digital/ipad/0753.jpg,2010.0,2011.0,2010s,digital,ipad
269,269,269,269,269,"Untitled, 743",2011 - iPad Drawing,https://www.hockney.com/img/gallery/digital/ipad/0743.jpg,2010.0,2011.0,2010s,digital,ipad
270,270,270,270,270,"Untitled, 739",2011 - iPad Drawing,https://www.hockney.com/img/gallery/digital/ipad/0739.jpg,2010.0,2011.0,2010s,digital,ipad
271,271,271,271,271,"Untitled, 714",2011 - iPad Drawing,https://www.hockney.com/img/gallery/digital/ipad/0714.jpg,2010.0,2011.0,2010s,digital,ipad
272,272,272,272,272,"Untitled, 712",2011 - iPad Drawing,https://www.hockney.com/img/gallery/digital/ipad/0712.jpg,2010.0,2011.0,2010s,digital,ipad
273,273,273,273,273,"Untitled, 705",2011 - iPad Drawing,https://www.hockney.com/img/gallery/digital/ipad/0705.jpg,2010.0,2011.0,2010s,digital,ipad
274,274,274,274,274,"Untitled, 701",2011 - iPad Drawing,https://www.hockney.com/img/gallery/digital/ipad/0701.jpg,2010.0,2011.0,2010s,digital,ipad
275,275,275,275,275,"Untitled, 691",2011 - iPad Drawing,https://www.hockney.com/img/gallery/digital/ipad/0691.jpg,2010.0,2011.0,2010s,digital,ipad
276,276,276,276,276,Plug in for the Next Generation (684),2011 - iPad Drawing,https://www.hockney.com/img/gallery/digital/ipad/0684.jpg,2010.0,2011.0,2010s,digital,ipad
277,277,277,277,277,"Untitled, 656",2011 - iPad Drawing,https://www.hockney.com/img/gallery/digital/ipad/0656.jpg,2010.0,2011.0,2010s,digital,ipad
278,278,278,278,278,"Untitled, 655",2011 - iPad Drawing,https://www.hockney.com/img/gallery/digital/ipad/0655.jpg,2010.0,2011.0,2010s,digital,ipad
279,279,279,279,279,"Untitled, 654",2011 - iPad Drawing,https://www.hockney.com/img/gallery/digital/ipad/0654.jpg,2010.0,2011.0,2010s,digital,ipad
280,280,280,280,280,"Untitled, 651",2011 - iPad Drawing,https://www.hockney.com/img/gallery/digital/ipad/0651.jpg,2010.0,2011.0,2010s,digital,ipad
281,281,281,281,281,"Untitled, 644",2011 - iPad Drawing,https://www.hockney.com/img/gallery/digital/ipad/0644.jpg,2010.0,2011.0,2010s,digital,ipad
282,282,282,282,282,"Untitled, 643",2011 - iPad Drawing,https://www.hockney.com/img/gallery/digital/ipad/0643.jpg,2010.0,2011.0,2010s,digital,ipad
283,283,283,283,283,"Untitled, 642",2011 - iPad Drawing,https://www.hockney.com/img/gallery/digital/ipad/0642.jpg,2010.0,2011.0,2010s,digital,ipad
284,284,284,284,284,"Untitled, 632",2011 - iPad Drawing,https://www.hockney.com/img/gallery/digital/ipad/0632.jpg,2010.0,2011.0,2010s,digital,ipad
285,285,285,285,285,"Untitled, 621",2010 - iPad Drawing,https://www.hockney.com/img/gallery/digital/ipad/0621.jpg,2010.0,2010.0,2010s,digital,ipad
286,286,286,286,286,"Untitled, 610",2010 - iPad Drawing,https://www.hockney.com/img/gallery/digital/ipad/0610.jpg,2010.0,2010.0,2010s,digital,ipad
287,287,287,287,287,"Untitled, 609",2010 - iPad Drawing,https://www.hockney.com/img/gallery/digital/ipad/0609.jpg,2010.0,2010.0,2010s,digital,ipad
288,288,288,288,288,"Untitled, 592",2010 - iPad Drawing,https://www.hockney.com/img/gallery/digital/ipad/0592.jpg,2010.0,2010.0,2010s,digital,ipad
289,289,289,289,289,"Untitled, 589",2010 - iPad Drawing,https://www.hockney.com/img/gallery/digital/ipad/0589.jpg,2010.0,2010.0,2010s,digital,ipad
290,290,290,290,290,"Untitled, 580",2010 - iPad Drawing,https://www.hockney.com/img/gallery/digital/ipad/0580.jpg,2010.0,2010.0,2010s,digital,ipad
291,291,291,291,291,"Untitled, 577",2010 - iPad Drawing,https://www.hockney.com/img/gallery/digital/ipad/0577.jpg,2010.0,2010.0,2010s,digital,ipad
292,292,292,292,292,"Untitled, 456",2010 - iPad Drawing,https://www.hockney.com/img/gallery/digital/ipad/0456.jpg,2010.0,2010.0,2010s,digital,ipad
293,293,293,293,293,"Untitled, 455",2010 - iPad Drawing,https://www.hockney.com/img/gallery/digital/ipad/0455.jpg,2010.0,2010.0,2010s,digital,ipad
294,294,294,294,294,"Untitled, 453",2010 - iPad Drawing,https://www.hockney.com/img/gallery/digital/ipad/0453.jpg,2010.0,2010.0,2010s,digital,ipad
295,295,295,295,295,"Untitled, 452",2010 - iPad Drawing,https://www.hockney.com/img/gallery/digital/ipad/0452.jpg,2010.0,2010.0,2010s,digital,ipad
296,296,296,296,296,"Untitled, 353",2010 - iPad Drawing,https://www.hockney.com/img/gallery/digital/ipad/0353.jpg,2010.0,2010.0,2010s,digital,ipad
297,297,297,297,297,"Untitled, 336",2010 - iPad Drawing,https://www.hockney.com/img/gallery/digital/ipad/0336_13_08_2010.jpg,2010.0,2010.0,2010s,digital,ipad
298,298,298,298,298,"Untitled, 311",2010 - iPad Drawing,https://www.hockney.com/img/gallery/digital/ipad/0311.jpg,2010.0,2010.0,2010s,digital,ipad
299,299,299,299,299,"Untitled, 298",2010 - iPad Drawing,https://www.hockney.com/img/gallery/digital/ipad/0298.jpg,2010.0,2010.0,2010s,digital,ipad
300,300,300,300,300,"Untitled, 291",2010 - iPad Drawing,https://www.hockney.com/img/gallery/digital/ipad/0291_25_08_2010.jpg,2010.0,2010.0,2010s,digital,ipad
301,301,301,301,301,"Untitled, 278",2010 - iPad Drawing,https://www.hockney.com/img/gallery/digital/ipad/0278.jpg,2010.0,2010.0,2010s,digital,ipad
302,302,302,302,302,"Untitled, 268",2010 - iPad Drawing,https://www.hockney.com/img/gallery/digital/ipad/0268.jpg,2010.0,2010.0,2010s,digital,ipad
303,303,303,303,303,"Untitled, 263",2010 - iPad Drawing,https://www.hockney.com/img/gallery/digital/ipad/0263.jpg,2010.0,2010.0,2010s,digital,ipad
304,304,304,304,304,"Untitled, 258",2010 - iPad Drawing,https://www.hockney.com/img/gallery/digital/ipad/0258.jpg,2010.0,2010.0,2010s,digital,ipad
305,305,305,305,305,"Untitled, 242",2010 - iPad Drawing,https://www.hockney.com/img/gallery/digital/ipad/0242.jpg,2010.0,2010.0,2010s,digital,ipad
306,306,306,306,306,"Untitled, 239",2010 - iPad Drawing,https://www.hockney.com/img/gallery/digital/ipad/0239.jpg,2010.0,2010.0,2010s,digital,ipad
307,307,307,307,307,"Untitled, 224",2010 - iPad Drawing,https://www.hockney.com/img/gallery/digital/ipad/0224.jpg,2010.0,2010.0,2010s,digital,ipad
308,308,308,308,308,"Untitled, 210",2010 - iPad Drawing,https://www.hockney.com/img/gallery/digital/ipad/0210.jpg,2010.0,2010.0,2010s,digital,ipad
309,309,309,309,309,"Untitled, 196",2010 - iPad Drawing,https://www.hockney.com/img/gallery/digital/ipad/0196.jpg,2010.0,2010.0,2010s,digital,ipad
310,310,310,310,310,"Untitled, 191",2010 - iPad Drawing,https://www.hockney.com/img/gallery/digital/ipad/0191.jpg,2010.0,2010.0,2010s,digital,ipad
311,311,311,311,311,"Untitled, 190-2",2010 - iPad Drawing,https://www.hockney.com/img/gallery/digital/ipad/0190-2.jpg,2010.0,2010.0,2010s,digital,ipad
312,312,312,312,312,"Untitled, 188",2010 - iPad Drawing,https://www.hockney.com/img/gallery/digital/ipad/0188.jpg,2010.0,2010.0,2010s,digital,ipad
313,313,313,313,313,"Untitled, 182",2010 - iPad Drawing,https://www.hockney.com/img/gallery/digital/ipad/0182.jpg,2010.0,2010.0,2010s,digital,ipad
314,314,314,314,314,"Untitled, 181",2010 - iPad Drawing,https://www.hockney.com/img/gallery/digital/ipad/0181.jpg,2010.0,2010.0,2010s,digital,ipad
315,315,315,315,315,"Untitled, 180",2010 - iPad Drawing,https://www.hockney.com/img/gallery/digital/ipad/0180.jpg,2010.0,2010.0,2010s,digital,ipad
316,316,316,316,316,"Untitled, 177",2010 - iPad Drawing,https://www.hockney.com/img/gallery/digital/ipad/0177.jpg,2010.0,2010.0,2010s,digital,ipad
317,317,317,317,317,"Untitled, 168",2010 - iPad Drawing,https://www.hockney.com/img/gallery/digital/ipad/0168.jpg,2010.0,2010.0,2010s,digital,ipad
318,318,318,318,318,"Untitled, 156",2010 - iPad Drawing,https://www.hockney.com/img/gallery/digital/ipad/0156.jpg,2010.0,2010.0,2010s,digital,ipad
319,319,319,319,319,"Untitled, 65",2010 - iPad Drawing,https://www.hockney.com/img/gallery/digital/ipad/0065.jpg,2010.0,2010.0,2010s,digital,ipad
320,320,320,320,320,"Untitled, 61",2010 - iPad Drawing,https://www.hockney.com/img/gallery/digital/ipad/0061.jpg,2010.0,2010.0,2010s,digital,ipad
321,321,321,321,321,"Untitled, 41",2010 - iPad Drawing,https://www.hockney.com/img/gallery/digital/ipad/0041.jpg,2010.0,2010.0,2010s,digital,ipad
322,322,322,322,322,"The Arrival of Spring in Woldgate, East Yorkshire in 2011 (twenty eleven) - 1 January",2011 - iPad drawing printed on paper 55 x 41 1/2 inches,https://www.hockney.com/img/gallery/digital/woldgate/01-0622.jpg,2010.0,2011.0,2010s,digital,woldgate
323,323,323,323,323,"The Arrival of Spring in Woldgate, East Yorkshire in 2011 (twenty eleven) - 2 January",2011 - iPad drawing printed on paper 55 x 41 1/2 inches,https://www.hockney.com/img/gallery/digital/woldgate/02-1147.jpg,2010.0,2011.0,2010s,digital,woldgate
324,324,324,324,324,"The Arrival of Spring in Woldgate, East Yorkshire in 2011 (twenty eleven) - 3 January",2011 - iPad drawing printed on paper 55 x 41 1/2 inches,https://www.hockney.com/img/gallery/digital/woldgate/03-0623.jpg,2010.0,2011.0,2010s,digital,woldgate
325,325,325,325,325,"The Arrival of Spring in Woldgate, East Yorkshire in 2011 (twenty eleven) - 4 January",2011 - iPad drawing printed on paper 55 x 41 1/2 inches,https://www.hockney.com/img/gallery/digital/woldgate/04-0619.jpg,2010.0,2011.0,2010s,digital,woldgate
326,326,326,326,326,"The Arrival of Spring in Woldgate, East Yorkshire in 2011 (twenty eleven) - 8 January",2011 - iPad drawing printed on paper 55 x 41 1/2 inches,https://www.hockney.com/img/gallery/digital/woldgate/05-0630.jpg,2010.0,2011.0,2010s,digital,woldgate
327,327,327,327,327,"The Arrival of Spring in Woldgate, East Yorkshire in 2011 (twenty eleven) - 13 January",2011 - iPad drawing printed on paper 55 x 41 1/2 inches,https://www.hockney.com/img/gallery/digital/woldgate/06-0687.jpg,2010.0,2011.0,2010s,digital,woldgate
328,328,328,328,328,"The Arrival of Spring in Woldgate, East Yorkshire in 2011 (twenty eleven) - 18 January",2011 - iPad drawing printed on paper 55 x 41 1/2 inches,https://www.hockney.com/img/gallery/digital/woldgate/07-0647.jpg,2010.0,2011.0,2010s,digital,woldgate
329,329,329,329,329,"The Arrival of Spring in Woldgate, East Yorkshire in 2011 (twenty eleven) - 29 January",2011 - iPad drawing printed on paper 55 x 41 1/2 inches,https://www.hockney.com/img/gallery/digital/woldgate/08-0661.jpg,2010.0,2011.0,2010s,digital,woldgate
330,330,330,330,330,"The Arrival of Spring in Woldgate, East Yorkshire in 2011 (twenty eleven) - 19 February",2011 - iPad drawing printed on paper 55 x 41 1/2 inches,https://www.hockney.com/img/gallery/digital/woldgate/09-0688.jpg,2010.0,2011.0,2010s,digital,woldgate
331,331,331,331,331,"The Arrival of Spring in Woldgate, East Yorkshire in 2011 (twenty eleven) - 23 February",2011 - iPad drawing printed on paper 55 x 41 1/2 inches,https://www.hockney.com/img/gallery/digital/woldgate/10-0698.jpg,2010.0,2011.0,2010s,digital,woldgate
332,332,332,332,332,"The Arrival of Spring in Woldgate, East Yorkshire in 2011 (twenty eleven) - 25 February",2011 - iPad drawing printed on paper 55 x 41 1/2 inches,https://www.hockney.com/img/gallery/digital/woldgate/11-0700.jpg,2010.0,2011.0,2010s,digital,woldgate
333,333,333,333,333,"The Arrival of Spring in Woldgate, East Yorkshire in 2011 (twenty eleven) - 5 March",2011 - iPad drawing printed on paper 55 x 41 1/2 inches,https://www.hockney.com/img/gallery/digital/woldgate/12-0711.jpg,2010.0,2011.0,2010s,digital,woldgate
334,334,334,334,334,"The Arrival of Spring in Woldgate, East Yorkshire in 2011 (twenty eleven) - 14 March",2011 - iPad drawing printed on paper 55 x 41 1/2 inches,https://www.hockney.com/img/gallery/digital/woldgate/13-0721.jpg,2010.0,2011.0,2010s,digital,woldgate
335,335,335,335,335,"The Arrival of Spring in Woldgate, East Yorkshire in 2011 (twenty eleven) - 15 March",2011 - iPad drawing printed on paper 55 x 41 1/2 inches,https://www.hockney.com/img/gallery/digital/woldgate/14-0728.jpg,2010.0,2011.0,2010s,digital,woldgate
336,336,336,336,336,"The Arrival of Spring in Woldgate, East Yorkshire in 2011 (twenty eleven) - 16 March",2011 - iPad drawing printed on paper 55 x 41 1/2 inches,https://www.hockney.com/img/gallery/digital/woldgate/15-1144.jpg,2010.0,2011.0,2010s,digital,woldgate
337,337,337,337,337,"The Arrival of Spring in Woldgate, East Yorkshire in 2011 (twenty eleven) - 18 March",2011 - iPad drawing printed on paper 55 x 41 1/2 inches,https://www.hockney.com/img/gallery/digital/woldgate/16-0731.jpg,2010.0,2011.0,2010s,digital,woldgate
338,338,338,338,338,"The Arrival of Spring in Woldgate, East Yorkshire in 2011 (twenty eleven) - 19 March",2011 - iPad drawing printed on paper 55 x 41 1/2 inches,https://www.hockney.com/img/gallery/digital/woldgate/17-0724.jpg,2010.0,2011.0,2010s,digital,woldgate
339,339,339,339,339,"The Arrival of Spring in Woldgate, East Yorkshire in 2011 (twenty eleven) - 21 March",2011 - iPad drawing printed on paper 55 x 41 1/2 inches,https://www.hockney.com/img/gallery/digital/woldgate/18-0736.jpg,2010.0,2011.0,2010s,digital,woldgate
340,340,340,340,340,"The Arrival of Spring in Woldgate, East Yorkshire in 2011 (twenty eleven) - 22 March",2011 - iPad drawing printed on paper 55 x 41 1/2 inches,https://www.hockney.com/img/gallery/digital/woldgate/19-0735.jpg,2010.0,2011.0,2010s,digital,woldgate
341,341,341,341,341,"The Arrival of Spring in Woldgate, East Yorkshire in 2011 (twenty eleven) - 25 March",2011 - iPad drawing printed on paper 55 x 41 1/2 inches,https://www.hockney.com/img/gallery/digital/woldgate/20-0742.jpg,2010.0,2011.0,2010s,digital,woldgate
342,342,342,342,342,"The Arrival of Spring in Woldgate, East Yorkshire in 2011 (twenty eleven) - 30 March",2011 - iPad drawing printed on paper 55 x 41 1/2 inches,https://www.hockney.com/img/gallery/digital/woldgate/21-0748.jpg,2010.0,2011.0,2010s,digital,woldgate
343,343,343,343,343,"The Arrival of Spring in Woldgate, East Yorkshire in 2011 (twenty eleven) - 1 April",2011 - iPad drawing printed on paper 55 x 41 1/2 inches,https://www.hockney.com/img/gallery/digital/woldgate/22-0746.jpg,2010.0,2011.0,2010s,digital,woldgate
344,344,344,344,344,"The Arrival of Spring in Woldgate, East Yorkshire in 2011 (twenty eleven) - 12 April, No. 1",2011 - iPad drawing printed on paper 55 x 41 1/2 inches,https://www.hockney.com/img/gallery/digital/woldgate/23-0762.jpg,2010.0,2011.0,2010s,digital,woldgate
345,345,345,345,345,"The Arrival of Spring in Woldgate, East Yorkshire in 2011 (twenty eleven) - 12 April, No. 2",2011 - iPad drawing printed on paper 55 x 41 1/2 inches,https://www.hockney.com/img/gallery/digital/woldgate/24-0765.jpg,2010.0,2011.0,2010s,digital,woldgate
346,346,346,346,346,"The Arrival of Spring in Woldgate, East Yorkshire in 2011 (twenty eleven) - 14 April",2011 - iPad drawing printed on paper 55 x 41 1/2 inches,https://www.hockney.com/img/gallery/digital/woldgate/25-0768.jpg,2010.0,2011.0,2010s,digital,woldgate
347,347,347,347,347,"The Arrival of Spring in Woldgate, East Yorkshire in 2011 (twenty eleven) - 17 April",2011 - iPad drawing printed on paper 55 x 41 1/2 inches,https://www.hockney.com/img/gallery/digital/woldgate/26-0773.jpg,2010.0,2011.0,2010s,digital,woldgate
348,348,348,348,348,"The Arrival of Spring in Woldgate, East Yorkshire in 2011 (twenty eleven) - 19 April",2011 - iPad drawing printed on paper 55 x 41 1/2 inches,https://www.hockney.com/img/gallery/digital/woldgate/27-0782.jpg,2010.0,2011.0,2010s,digital,woldgate
349,349,349,349,349,"The Arrival of Spring in Woldgate, East Yorkshire in 2011 (twenty eleven) - 23 April",2011 - iPad drawing printed on paper 55 x 41 1/2 inches,https://www.hockney.com/img/gallery/digital/woldgate/29-0793.jpg,2010.0,2011.0,2010s,digital,woldgate
350,350,350,350,350,"The Arrival of Spring in Woldgate, East Yorkshire in 2011 (twenty eleven) - 24 April",2011 - iPad drawing printed on paper 55 x 41 1/2 inches,https://www.hockney.com/img/gallery/digital/woldgate/30-0789.jpg,2010.0,2011.0,2010s,digital,woldgate
351,351,351,351,351,"The Arrival of Spring in Woldgate, East Yorkshire in 2011 (twenty eleven) - 25 April",2011 - iPad drawing printed on paper 55 x 41 1/2 inches,https://www.hockney.com/img/gallery/digital/woldgate/31-0797.jpg,2010.0,2011.0,2010s,digital,woldgate
352,352,352,352,352,"The Arrival of Spring in Woldgate, East Yorkshire in 2011 (twenty eleven) - 26 April",2011 - iPad drawing printed on paper 55 x 41 1/2 inches,https://www.hockney.com/img/gallery/digital/woldgate/32-0808.jpg,2010.0,2011.0,2010s,digital,woldgate
353,353,353,353,353,"The Arrival of Spring in Woldgate, East Yorkshire in 2011 (twenty eleven) - 27 April",2011 - iPad drawing printed on paper 55 x 41 1/2 inches,https://www.hockney.com/img/gallery/digital/woldgate/33-0811.jpg,2010.0,2011.0,2010s,digital,woldgate
354,354,354,354,354,"The Arrival of Spring in Woldgate, East Yorkshire in 2011 (twenty eleven) - 28 April",2011 - iPad drawing printed on paper 55 x 41 1/2 inches,https://www.hockney.com/img/gallery/digital/woldgate/34-0815.jpg,2010.0,2011.0,2010s,digital,woldgate
355,355,355,355,355,"The Arrival of Spring in Woldgate, East Yorkshire in 2011 (twenty eleven) - 30 April",2011 - iPad drawing printed on paper 55 x 41 1/2 inches,https://www.hockney.com/img/gallery/digital/woldgate/35-0827.jpg,2010.0,2011.0,2010s,digital,woldgate
356,356,356,356,356,"The Arrival of Spring in Woldgate, East Yorkshire in 2011 (twenty eleven) - 4 May",2011 - iPad drawing printed on paper 55 x 41 1/2 inches,https://www.hockney.com/img/gallery/digital/woldgate/36-0839.jpg,2010.0,2011.0,2010s,digital,woldgate
357,357,357,357,357,"The Arrival of Spring in Woldgate, East Yorkshire in 2011 (twenty eleven) - 5 May",2011 - iPad drawing printed on paper 55 x 41 1/2 inches,https://www.hockney.com/img/gallery/digital/woldgate/37-0838.jpg,2010.0,2011.0,2010s,digital,woldgate
358,358,358,358,358,"The Arrival of Spring in Woldgate, East Yorkshire in 2011 (twenty eleven) - 6 May",2011 - iPad drawing printed on paper 55 x 41 1/2 inches,https://www.hockney.com/img/gallery/digital/woldgate/38-0845.jpg,2010.0,2011.0,2010s,digital,woldgate
359,359,359,359,359,"The Arrival of Spring in Woldgate, East Yorkshire in 2011 (twenty eleven) - 11 May",2011 - iPad drawing printed on paper 55 x 41 1/2 inches,https://www.hockney.com/img/gallery/digital/woldgate/40-0853.jpg,2010.0,2011.0,2010s,digital,woldgate
360,360,360,360,360,"The Arrival of Spring in Woldgate, East Yorkshire in 2011 (twenty eleven) - 12 May",2011 - iPad drawing printed on paper 55 x 41 1/2 inches,https://www.hockney.com/img/gallery/digital/woldgate/41-0858.jpg,2010.0,2011.0,2010s,digital,woldgate
361,361,361,361,361,"The Arrival of Spring in Woldgate, East Yorkshire in 2011 (twenty eleven) - 14 May",2011 - iPad drawing printed on paper 55 x 41 1/2 inches,https://www.hockney.com/img/gallery/digital/woldgate/42-0870.jpg,2010.0,2011.0,2010s,digital,woldgate
362,362,362,362,362,"The Arrival of Spring in Woldgate, East Yorkshire in 2011 (twenty eleven) - 16 May",2011 - iPad drawing printed on paper 55 x 41 1/2 inches,https://www.hockney.com/img/gallery/digital/woldgate/43-0873.jpg,2010.0,2011.0,2010s,digital,woldgate
363,363,363,363,363,"The Arrival of Spring in Woldgate, East Yorkshire in 2011 (twenty eleven) - 17 May",2011 - iPad drawing printed on paper 55 x 41 1/2 inches,https://www.hockney.com/img/gallery/digital/woldgate/44-0875.jpg,2010.0,2011.0,2010s,digital,woldgate
364,364,364,364,364,"The Arrival of Spring in Woldgate, East Yorkshire in 2011 (twenty eleven) - 18 May",2011 - iPad drawing printed on paper 55 x 41 1/2 inches,https://www.hockney.com/img/gallery/digital/woldgate/45-0877.jpg,2010.0,2011.0,2010s,digital,woldgate
365,365,365,365,365,"The Arrival of Spring in Woldgate, East Yorkshire in 2011 (twenty eleven) - 19 May",2011 - iPad drawing printed on paper 55 x 41 1/2 inches,https://www.hockney.com/img/gallery/digital/woldgate/46-0879.jpg,2010.0,2011.0,2010s,digital,woldgate
366,366,366,366,366,"The Arrival of Spring in Woldgate, East Yorkshire in 2011 (twenty eleven) - 22 May",2011 - iPad drawing printed on paper 55 x 41 1/2 inches,https://www.hockney.com/img/gallery/digital/woldgate/47-0885.jpg,2010.0,2011.0,2010s,digital,woldgate
367,367,367,367,367,"The Arrival of Spring in Woldgate, East Yorkshire in 2011 (twenty eleven) - 30 May",2011 - iPad drawing printed on paper 55 x 41 1/2 inches,https://www.hockney.com/img/gallery/digital/woldgate/48-1160.jpg,2010.0,2011.0,2010s,digital,woldgate
368,368,368,368,368,"The Arrival of Spring in Woldgate, East Yorkshire in 2011 (twenty eleven) - 31 May, No. 1",2011 - iPad drawing printed on paper 55 x 41 1/2 inches,https://www.hockney.com/img/gallery/digital/woldgate/49-0900.jpg,2010.0,2011.0,2010s,digital,woldgate
369,369,369,369,369,"The Arrival of Spring in Woldgate, East Yorkshire in 2011 (twenty eleven) - 31 May, No. 2",2011 - iPad drawing printed on paper 55 x 41 1/2 inches,https://www.hockney.com/img/gallery/digital/woldgate/50-0868.jpg,2010.0,2011.0,2010s,digital,woldgate
370,370,370,370,370,"The Arrival of Spring in Woldgate, East Yorkshire in 2011 (twenty eleven) - 2 June",2011 - iPad drawing printed on paper 55 x 41 1/2 inches,https://www.hockney.com/img/gallery/digital/woldgate/51-0903.jpg,2010.0,2011.0,2010s,digital,woldgate
371,371,371,371,371,"The Arrival of Spring in Woldgate, East Yorkshire in 2011 (twenty eleven) - 18 December",2011 - iPad drawing printed on four sheets of paper 93 x 70 in overall,https://www.hockney.com/img/gallery/digital/woldgate/01-1326.jpg,2010.0,2011.0,2010s,digital,woldgate
372,372,372,372,372,"The Arrival of Spring in Woldgate, East Yorkshire in 2011 (twenty eleven) - 29 December, No. 1",2011 - iPad drawing printed on four sheets of paper 93 x 70in in overall,https://www.hockney.com/img/gallery/digital/woldgate/02-1116.jpg,2010.0,2011.0,2010s,digital,woldgate
373,373,373,373,373,"The Arrival of Spring in Woldgate, East Yorkshire in 2011 (twenty eleven) - 29 December, No. 2",2011 - iPad drawing printed on four sheets of paper 93 x 70in in overall,https://www.hockney.com/img/gallery/digital/woldgate/03-1124.jpg,2010.0,2011.0,2010s,digital,woldgate
374,374,374,374,374,"The Arrival of Spring in Woldgate, East Yorkshire in 2011 (twenty eleven) - 2 January",2011 - iPad drawing printed on four sheets of paper 93 x 70in in overall,https://www.hockney.com/img/gallery/digital/woldgate/04-1147.jpg,2010.0,2011.0,2010s,digital,woldgate
375,375,375,375,375,"The Arrival of Spring in Woldgate, East Yorkshire in 2011 (twenty eleven) - 29 January",2011 - iPad drawing printed on four sheets of paper 93 x 70 in overall,https://www.hockney.com/img/gallery/digital/woldgate/05-0661.jpg,2010.0,2011.0,2010s,digital,woldgate
376,376,376,376,376,"The Arrival of Spring in Woldgate, East Yorkshire in 2011 (twenty eleven) - 25 March",2011 - iPad drawing printed on four sheets of paper 93 x 70 in overall,https://www.hockney.com/img/gallery/digital/woldgate/06-0742.jpg,2010.0,2011.0,2010s,digital,woldgate
377,377,377,377,377,"The Arrival of Spring in Woldgate, East Yorkshire in 2011 (twenty eleven) - 4 May",2011 - iPad drawing printed on four sheets of paper 93 x 70 in overall,https://www.hockney.com/img/gallery/digital/woldgate/07-0839.jpg,2010.0,2011.0,2010s,digital,woldgate
378,378,378,378,378,"The Arrival of Spring in Woldgate, East Yorkshire in 2011 (twenty eleven) - 11 May",2011 - iPad drawing printed on four sheets of paper 93 x 70 in overall,https://www.hockney.com/img/gallery/digital/woldgate/08-0853.jpg,2010.0,2011.0,2010s,digital,woldgate
379,379,379,379,379,"The Arrival of Spring in Woldgate, East Yorkshire in 2011 (twenty eleven) - 16 May",2011 - iPad drawing printed on four sheets of paper 93 x 70 in overall,https://www.hockney.com/img/gallery/digital/woldgate/09-0873.jpg,2010.0,2011.0,2010s,digital,woldgate
380,380,380,380,380,"The Arrival of Spring in Woldgate, East Yorkshire in 2011 (twenty eleven) - 30 May",2011 - iPad drawing printed on four sheets of paper 93 x 70 in overall,https://www.hockney.com/img/gallery/digital/woldgate/10-1160.jpg,2010.0,2011.0,2010s,digital,woldgate
381,381,381,381,381,"The Arrival of Spring in Woldgate, East Yorkshire in 2011 (twenty eleven) - 31 May, No. 1",2011 - iPad drawing printed on four sheets of paper 93 x 70 in overall,https://www.hockney.com/img/gallery/digital/woldgate/11-0900.jpg,2010.0,2011.0,2010s,digital,woldgate
382,382,382,382,382,"The Arrival of Spring in Woldgate, East Yorkshire in 2011 (twenty eleven) - 2 June",2011 - iPad drawing printed on four sheets of paper 93 x 70 in overall,https://www.hockney.com/img/gallery/digital/woldgate/12-0903.jpg,2010.0,2011.0,2010s,digital,woldgate
383,383,383,383,383,Untitled No. 2 from “The Yosemite Suite”,2010 - iPad drawing printed on paper 37 x 28 in,https://www.hockney.com/img/gallery/digital/yosemite/0396.jpg,2010.0,2010.0,2010s,digital,yosemite
384,384,384,384,384,Untitled No. 1 from “The Yosemite Suite”,2010 - iPad drawing printed on paper 37 x 28 in,https://www.hockney.com/img/gallery/digital/yosemite/0395.jpg,2010.0,2010.0,2010s,digital,yosemite
385,385,385,385,385,Untitled No. 3 from “The Yosemite Suite”,2010 - iPad drawing printed on paper 37 x 28 in,https://www.hockney.com/img/gallery/digital/yosemite/0397.jpg,2010.0,2010.0,2010s,digital,yosemite
386,386,386,386,386,Untitled No. 4 from “The Yosemite Suite”,2010 - iPad drawing printed on paper 37 x 28 in,https://www.hockney.com/img/gallery/digital/yosemite/0399.jpg,2010.0,2010.0,2010s,digital,yosemite
387,387,387,387,387,Untitled No. 5 from “The Yosemite Suite”,2010 - iPad drawing printed on paper 37 x 28 in,https://www.hockney.com/img/gallery/digital/yosemite/0401.jpg,2010.0,2010.0,2010s,digital,yosemite
388,388,388,388,388,Untitled No. 6 from “The Yosemite Suite”,2010 - iPad drawing printed on paper 37 x 28  edition of 25,https://www.hockney.com/img/gallery/digital/yosemite/0408.jpg,2010.0,2010.0,2010s,digital,yosemite
389,389,389,389,389,Untitled No. 7 from “The Yosemite Suite”,2010 - iPad drawing printed on paper 37 x 28  edition of 25,https://www.hockney.com/img/gallery/digital/yosemite/0409.jpg,2010.0,2010.0,2010s,digital,yosemite
390,390,390,390,390,Untitled No. 8 from “The Yosemite Suite”,2010 - iPad drawing printed on paper 37 x 28  edition of 25,https://www.hockney.com/img/gallery/digital/yosemite/0410.jpg,2010.0,2010.0,2010s,digital,yosemite
391,391,391,391,391,Untitled No. 9 from “The Yosemite Suite”,2010 - iPad drawing printed on paper 37 x 28 in,https://www.hockney.com/img/gallery/digital/yosemite/0411.jpg,2010.0,2010.0,2010s,digital,yosemite
392,392,392,392,392,Untitled No. 10 from “The Yosemite Suite”,2010 - iPad drawing printed on paper 37 x 28 in,https://www.hockney.com/img/gallery/digital/yosemite/0413.jpg,2010.0,2010.0,2010s,digital,yosemite
393,393,393,393,393,Untitled No. 11 from “The Yosemite Suite”,2010 - iPad drawing printed on paper 37 x 28 in,https://www.hockney.com/img/gallery/digital/yosemite/0415.jpg,2010.0,2010.0,2010s,digital,yosemite
394,394,394,394,394,Untitled No. 12 from “The Yosemite Suite”,2010 - iPad drawing printed on paper 37 x 28in,https://www.hockney.com/img/gallery/digital/yosemite/0416.jpg,2010.0,2010.0,2010s,digital,yosemite
395,395,395,395,395,Untitled No. 13 from “The Yosemite Suite”,2010 - iPad drawing printed on paper 37 x 28,https://www.hockney.com/img/gallery/digital/yosemite/0418.jpg,2010.0,2010.0,2010s,digital,yosemite
396,396,396,396,396,Untitled No. 14 from “The Yosemite Suite”,2010 - iPad drawing printed on paper 37 x 28,https://www.hockney.com/img/gallery/digital/yosemite/0419.jpg,2010.0,2010.0,2010s,digital,yosemite
397,397,397,397,397,Untitled No. 15 from “The Yosemite Suite”,2010 - iPad drawing printed on paper 37 x 28 in,https://www.hockney.com/img/gallery/digital/yosemite/0420.jpg,2010.0,2010.0,2010s,digital,yosemite
398,398,398,398,398,Untitled No. 16 from “The Yosemite Suite”,2010 - iPad drawing printed on paper 37 x 28,https://www.hockney.com/img/gallery/digital/yosemite/0422.jpg,2010.0,2010.0,2010s,digital,yosemite
399,399,399,399,399,Untitled No. 17 from “The Yosemite Suite”,2010 - iPad drawing printed on paper 37 x 28,https://www.hockney.com/img/gallery/digital/yosemite/0424.jpg,2010.0,2010.0,2010s,digital,yosemite
400,400,400,400,400,Untitled No. 18 from “The Yosemite Suite”,2010 - iPad drawing printed on paper 37 x 28,https://www.hockney.com/img/gallery/digital/yosemite/0428.jpg,2010.0,2010.0,2010s,digital,yosemite
401,401,401,401,401,Untitled No. 19 from “The Yosemite Suite”,2010 - iPad drawing printed on paper 37 x 28,https://www.hockney.com/img/gallery/digital/yosemite/0429.jpg,2010.0,2010.0,2010s,digital,yosemite
402,402,402,402,402,Untitled No. 20 from “The Yosemite Suite”,2010 - iPad drawing printed on paper 37 x 28,https://www.hockney.com/img/gallery/digital/yosemite/0430.jpg,2010.0,2010.0,2010s,digital,yosemite
403,403,403,403,403,Untitled No. 21  from  The Yosemite Suite,2010 - iPad drawing printed on paper 37 x 28,https://www.hockney.com/img/gallery/digital/yosemite/0434.jpg,2010.0,2010.0,2010s,digital,yosemite
404,404,404,404,404,Untitled No. 22 from “The Yosemite Suite”,2010 - iPad drawing printed on paper 37 x 28,https://www.hockney.com/img/gallery/digital/yosemite/0435.jpg,2010.0,2010.0,2010s,digital,yosemite
405,405,405,405,405,Untitled No. 23 from “The Yosemite Suite”,2010 - iPad drawing printed on paper 37 x 28 in,https://www.hockney.com/img/gallery/digital/yosemite/0436.jpg,2010.0,2010.0,2010s,digital,yosemite
406,406,406,406,406,Untitled No. 24 from “The Yosemite Suite”,2010 - iPad drawing printed on paper 37 x 28,https://www.hockney.com/img/gallery/digital/yosemite/0440.jpg,2010.0,2010.0,2010s,digital,yosemite
407,407,407,407,407,"Yosemite I, October 5th",2011 - iPad drawing printed on four sheets of paper mounted on four sheets of Dibond 93 x 70 in,https://www.hockney.com/img/gallery/digital/yosemite/1025.jpg,2010.0,2011.0,2010s,digital,yosemite
408,408,408,408,408,"Yosemite II, October 5th",2011 - iPad drawing printed on four sheets of paper mounted on four sheets of Dibond 93 x 70 in,https://www.hockney.com/img/gallery/digital/yosemite/1029.jpg,2010.0,2011.0,2010s,digital,yosemite
409,409,409,409,409,"Yosemite III, October 5th",2011 - iPad drawing printed on four sheets of paper mounted on four sheets of Dibond 93 x 70in,https://www.hockney.com/img/gallery/digital/yosemite/1022.jpg,2010.0,2011.0,2010s,digital,yosemite
410,410,410,410,410,"Yosemite I, October 16th",2011 - iPad drawing printed on four sheets of paper mounted on four sheets of Dibond  78 x 70 overall,https://www.hockney.com/img/gallery/digital/yosemite/1059.jpg,2010.0,2011.0,2010s,digital,yosemite
411,411,411,411,411,"Yosemite II, October 16th","2011 - iPad drawing printed on four sheets of paper, mounted on four sheets of Dibond 93 x 70 in",https://www.hockney.com/img/gallery/digital/yosemite/1063.jpg,2010.0,2011.0,2010s,digital,yosemite
